City,Country,Nodes,Mean Dist (m),Median Dist (m),Std Dev (m),% within 400m,% within 800m
Venezia,IT,7249,311.6,214.6,271.6,72.6,94.0
Warszawa,PL,301674,419.4,279.0,371.5,63.4,84.1
Almere,NL,43043,432.8,328.1,338.8,61.7,86.2
Utrecht,NL,69371,434.1,309.7,366.5,62.7,84.6
Lublin,PL,55663,441.2,290.6,388.5,63.0,82.0
Bratislava,SK,62144,442.1,296.9,382.4,61.9,82.2
Hoorn,NL,16793,443.3,346.4,338.1,58.0,86.0
Gdańsk,PL,96708,445.5,313.7,378.3,60.1,83.4
Leiden,NL,62217,445.8,328.7,358.9,59.9,84.5
Kraków,PL,131058,446.7,312.3,373.3,59.7,82.5
Wrocław,PL,107576,448.8,319.3,374.4,58.5,82.3
Trnava,SK,9033,453.8,326.0,373.6,58.9,82.3
Praha,CZ,169885,454.7,339.1,362.7,57.0,82.4
Zwolle,NL,27114,457.3,340.5,361.1,58.2,83.6
Płock,PL,13767,459.2,307.4,401.6,62.4,81.4
Groningen,NL,30857,459.7,346.8,366.9,57.1,83.5
Łomża,PL,8467,462.1,305.6,392.9,59.8,80.5
Leeuwarden,NL,20504,463.3,360.1,352.5,55.7,84.1
Košice,SK,31517,463.6,328.1,379.0,58.5,81.5
Vaslui,RO,1965,463.7,321.7,401.9,59.5,82.1
Vilnius,LT,77976,465.1,333.3,377.7,58.3,81.6
Vallkärra by,SE,24952,465.4,380.0,336.8,53.0,84.9
Łódź,PL,111413,468.1,320.8,388.3,58.2,80.0
Amsterdam,NL,155495,468.6,343.4,376.8,57.4,81.6
Rotterdam,NL,127200,468.6,355.0,363.6,56.0,83.1
Schwabing-Freimann,DE,211595,472.7,366.6,363.4,54.2,82.6
Zagreb,HR,71817,473.8,330.5,392.5,57.2,79.8
Den Haag,NL,112359,474.7,350.4,375.6,56.5,81.9
Poznań,PL,103024,476.7,340.7,388.3,56.4,80.0
Brașov,RO,18419,478.8,331.7,402.1,57.5,79.1
Ancona,IT,9811,482.5,379.5,386.9,52.5,82.1
Tallinn,EE,68100,486.3,362.0,381.0,54.6,80.9
Toruń,PL,46758,487.3,353.2,390.9,55.1,79.9
Tychy,PL,16128,488.1,346.7,398.2,54.5,78.6
Piła,PL,9962,488.4,357.2,388.9,54.2,79.9
Olsztyn,PL,23455,488.4,347.4,404.5,55.6,78.6
Olomouc,CZ,18631,488.5,369.6,380.2,53.7,80.1
Amersfoort,NL,35979,488.9,362.4,385.0,54.7,80.8
Hällen,SE,31447,489.2,384.2,361.5,52.1,81.7
A Coruña,ES,27556,489.3,348.0,419.6,54.2,77.4
Latgales apkaime,LV,97411,490.1,353.8,388.4,55.5,79.8
Piotrków Trybunalski,PL,9734,490.2,352.7,396.8,54.7,79.3
Słupsk,PL,17907,490.7,328.7,415.8,57.2,78.0
Białystok,PL,44523,491.3,350.9,392.8,55.0,78.9
Koszalin,PL,15747,491.5,326.0,415.9,57.5,77.9
Enschede,NL,29919,493.5,361.3,388.5,55.3,80.7
Kielce,PL,35186,496.1,330.0,424.7,57.2,77.9
Modena,IT,17482,496.1,383.7,386.8,52.1,80.1
Częstochowa,PL,29477,497.7,359.0,398.4,54.4,78.6
Alkmaar,NL,31399,499.7,374.9,385.1,53.4,80.3
Debrecen,HU,17638,501.0,372.0,407.3,52.6,77.2
Breda,NL,35940,501.4,355.8,398.9,55.8,78.8
Tilburg,NL,42874,503.9,380.4,381.9,52.5,80.1
Sibiu,RO,12116,504.1,380.0,387.6,51.9,78.3
Gorzów Wielkopolski,PL,17053,505.0,384.8,389.3,51.5,78.8
Ełk,PL,8177,508.4,308.5,453.2,59.9,75.2
Szczecin,PL,45726,509.0,397.7,390.4,50.2,77.8
Gouda,NL,24245,510.4,392.4,386.6,50.8,79.6
Budapest,HU,168328,511.3,377.5,408.2,52.2,77.3
Katowice,PL,213785,511.5,387.0,387.6,51.4,78.4
Osijek,HR,9184,513.3,392.3,395.5,50.9,77.9
Rudicica,RO,29303,514.5,378.1,405.9,52.1,76.9
Firenze,IT,50341,515.7,377.4,418.1,52.3,76.0
Baciu,RO,24773,516.9,362.7,424.3,53.8,76.3
Głogów,PL,8328,518.1,368.3,415.2,52.8,77.0
Pécs,HU,18512,518.1,340.0,440.1,55.1,75.0
Szeged,HU,18097,518.4,371.7,417.9,52.9,76.3
Tartu linn,EE,19754,519.7,405.9,388.9,49.3,78.2
Langhus,NO,162272,520.2,421.1,377.0,47.5,79.2
Grenoble,FR,53849,521.7,403.1,395.9,49.7,77.6
Liepāja,LV,10561,523.8,411.4,394.8,48.8,79.4
Münster-Mitte,DE,40070,525.2,412.6,393.9,48.7,77.0
Eindhoven,NL,72721,525.4,403.2,386.7,49.6,78.2
Stokka,NO,55771,525.6,430.5,361.1,46.1,79.6
Rennes,FR,44994,525.7,418.2,384.2,47.9,78.4
Roosendaal,NL,12568,526.1,388.4,397.6,51.6,77.9
,,46199,526.9,423.0,376.9,47.2,78.2
Cherbourg,FR,15894,527.6,416.6,379.3,47.9,78.4
Apeldoorn,NL,30774,528.1,396.2,391.3,50.5,77.7
Innenstadt 1,DE,139461,529.0,412.0,394.5,48.7,77.3
Brno,CZ,60345,529.1,396.4,410.8,50.3,75.6
Heerhugowaard,NL,26446,531.1,413.9,389.9,48.1,78.8
Banská Bystrica,SK,12154,532.3,389.0,416.5,51.4,75.6
Hannover,DE,101108,532.3,442.1,371.8,45.2,78.4
Gdynia,PL,45669,532.4,389.4,411.1,51.0,75.2
Žilina,SK,14631,532.8,416.2,396.1,48.3,77.5
Magdeburg,DE,36363,532.8,425.5,381.5,47.0,77.7
Bydgoszcz,PL,40556,533.7,365.6,431.9,53.0,74.2
Hengelo,NL,24112,533.7,414.4,394.6,48.3,78.1
Lausanne,CH,46888,534.0,435.6,387.9,46.6,76.8
Suwałki,PL,9694,536.9,369.1,434.3,53.1,74.5
Caen,FR,40476,538.2,440.5,378.4,45.6,77.8
Limerick,IE,14295,539.1,450.5,380.0,44.1,77.7
Zürich,CH,150485,539.1,406.6,419.8,49.4,74.4
Almelo,NL,17279,539.4,416.3,390.2,48.0,78.0
Schrevenborn,DE,42944,539.4,454.1,369.1,44.1,77.8
Siedlce,PL,10349,539.7,401.2,421.1,49.9,75.2
Grudziądz,PL,13344,540.4,410.2,409.1,48.8,75.7
Nieuwegein,NL,44280,541.5,388.9,417.9,51.3,75.3
Nancy,FR,30769,543.2,424.4,407.4,47.3,76.3
Steglitz-Zehlendorf,DE,33629,544.4,440.5,391.0,45.8,75.8
Asti,IT,5452,545.0,397.6,442.4,50.2,72.7
's-Hertogenbosch,NL,39282,545.5,423.7,399.6,47.3,76.9
Dijon,FR,32207,545.8,445.2,390.4,45.3,76.7
Ortsbeirat 14 : Stadtmitte,DE,26970,545.9,436.9,394.6,46.0,76.4
Велико Търново,BG,7034,546.2,411.7,412.0,49.0,72.8
Bergen op Zoom,NL,11348,546.2,426.9,393.4,46.7,77.1
Miroslava,RO,24360,547.2,389.4,437.5,50.8,71.9
Stadtgebiet Bremen,DE,67146,547.7,439.7,390.4,45.5,76.2
Radom,PL,35643,547.9,374.8,437.1,52.8,73.0
Rætebøl,DK,58153,547.9,452.8,370.2,43.0,77.4
Wardenburg,DE,34427,549.1,457.2,380.1,43.2,77.3
Valea Voievozilor,RO,4796,549.5,383.9,435.6,51.2,71.6
Rzeszów,PL,39814,549.9,408.1,434.5,49.3,73.6
Assen,NL,18256,550.6,436.6,387.1,45.6,76.9
Ferrara,IT,14615,551.2,441.7,407.5,46.1,74.8
Strasbourg,FR,58285,552.5,436.9,403.5,46.1,74.9
Västerås,SE,25163,552.9,478.3,357.2,40.6,78.2
Santiago,ES,18288,553.3,405.9,450.0,49.6,72.0
Göttingen,DE,35281,553.6,429.3,407.8,47.0,74.1
Arnhem,NL,51696,553.8,439.1,392.9,45.7,76.1
České Budějovice,CZ,19204,554.5,431.6,409.8,46.8,73.9
Arras,FR,16563,554.8,455.7,393.0,43.8,75.3
Kalisz,PL,12500,554.9,386.7,443.4,51.1,72.0
Antwerpen,BE,65698,555.0,447.3,403.8,45.4,75.2
Gliwice,PL,26383,555.2,416.6,427.9,48.6,73.7
Zoetermeer,NL,35426,555.3,407.0,420.7,49.2,74.5
Lugo,ES,11158,555.5,379.9,473.7,51.5,70.3
Nijmegen,NL,42853,556.7,432.4,407.6,46.2,75.7
Montpellier,FR,60333,557.8,435.0,418.7,46.6,73.4
Deventer,NL,20781,557.8,445.9,393.2,45.0,75.7
Cotta,DE,101741,557.8,448.9,394.4,44.9,75.2
Angers,FR,43308,559.6,466.7,386.1,43.3,75.4
Søholt,DK,32909,560.4,476.4,373.1,41.2,76.2
Zirndorf,DE,92725,560.5,466.0,392.8,43.5,74.8
Ústí nad Labem,CZ,11504,561.6,449.7,412.8,45.6,74.2
Włocławek,PL,12330,562.9,399.6,437.8,50.0,72.5
Bergisch Gladbach,DE,147736,563.7,457.0,404.1,44.5,74.1
Neureut,DE,56768,563.8,436.0,418.8,46.6,73.5
Stadtbezirk 1,DE,99319,564.5,461.8,401.4,43.6,74.6
Székesfehérvár,HU,10993,564.5,443.6,434.7,46.8,72.3
Erfurt,DE,32722,564.6,441.3,414.2,46.1,73.1
Nitra,SK,13851,565.8,454.7,391.7,44.2,74.0
Paderborn,DE,29390,566.6,461.9,400.0,43.3,74.2
La Rochelle,FR,21955,567.3,464.4,382.5,42.0,74.4
Lubin,PL,9667,570.0,410.1,444.6,49.1,70.4
Zielona Góra,PL,31509,570.8,455.6,430.1,46.0,71.7
Plzeň,CZ,28833,571.9,436.8,427.7,46.8,71.6
Hradec Králové,CZ,16785,572.4,438.0,423.9,46.3,72.0
Luzern,CH,34535,572.6,469.5,404.4,43.1,73.7
Jürgensby,DE,20572,572.7,463.6,405.2,42.6,74.7
Tours,FR,47037,572.8,478.5,399.6,42.8,73.8
Sosnowiec,PL,29097,573.0,459.8,405.6,43.9,73.5
Pontoise,FR,28727,573.3,438.2,413.6,45.6,73.6
Kaunas,LT,44085,573.5,454.5,407.9,44.4,72.9
Padova,IT,45823,575.8,476.9,409.9,42.6,73.2
Udine / Udin,IT,20274,576.1,476.1,408.1,42.5,72.9
Cathair na Gaillimhe,IE,13943,576.1,478.7,398.4,41.0,73.1
Reggio Emilia,IT,17627,576.7,484.9,412.2,42.4,73.7
Klaipėda,LT,19631,577.1,420.8,435.2,48.2,70.8
VVG der Gemeinde Gundelfingen,DE,40430,577.2,446.3,435.8,46.1,71.6
Pabianice,PL,9044,580.5,452.4,419.5,45.2,70.5
Pavia,IT,8494,581.1,441.8,449.0,46.7,69.1
Pardubice,CZ,20127,581.3,470.2,423.3,44.9,70.9
Sankt Gertrud,DE,33892,581.6,478.1,400.5,41.8,72.4
Saint-Étienne,FR,25855,581.8,489.5,410.3,41.8,72.9
Chełm,PL,10827,581.9,449.3,412.5,45.8,69.8
Stadtbezirk Bonn,DE,112062,583.3,478.5,398.7,41.7,72.9
Neu-Ulm,DE,39169,583.3,469.2,414.5,43.2,72.4
Oostende,BE,14100,585.9,495.5,392.1,39.8,73.2
Altstadt,DE,34320,586.0,456.6,438.0,45.1,70.4
Stuttgart-Mitte,DE,132212,586.1,475.4,417.3,43.1,71.4
Sørås,NO,53015,586.9,499.4,397.7,40.3,72.4
Verona,IT,27349,587.8,448.7,445.8,46.0,69.7
Bern,CH,46518,587.8,462.7,431.9,44.6,70.3
Győr,HU,12561,588.9,463.6,445.8,45.6,69.2
Haarlem,NL,46372,589.0,453.8,429.5,44.6,71.7
Troyes,FR,20138,589.3,504.2,395.0,40.3,71.2
Innenstadt/Jungbusch,DE,83139,591.6,485.4,406.5,41.4,71.8
Ljubljana,SI,44659,592.2,466.9,431.5,44.0,70.3
Bamberg,DE,18608,592.6,477.5,425.1,42.8,71.1
Nowy Sącz,PL,12990,593.3,500.3,420.4,42.1,70.5
Nîmes,FR,21501,593.6,466.0,438.3,44.1,70.4
Uentrop,DE,27695,593.9,486.6,396.7,40.6,72.5
Aachen,DE,44504,594.0,485.4,417.4,42.0,70.8
Focșani,RO,4767,594.1,445.4,461.3,47.3,67.4
Gent,BE,46088,595.4,500.9,418.7,41.8,69.4
Lappersdorf,DE,31978,595.9,492.7,418.8,41.5,70.6
Neustadt,DE,33470,596.3,480.1,422.2,42.3,70.8
Bayonne,FR,26894,596.4,508.8,406.8,39.9,70.3
Opole,PL,16378,596.8,475.9,441.5,44.0,68.5
Poitiers,FR,21247,597.0,494.5,407.2,40.2,71.6
Hoofddorp,NL,35597,597.9,489.8,402.1,40.4,71.8
Maastricht,NL,27431,600.6,490.7,422.7,41.7,71.3
Besançon,FR,24031,601.9,492.6,426.8,41.8,70.0
Gütersloh,DE,18231,602.0,509.1,389.8,37.6,72.4
Wals-Siezenheim,AT,30562,602.7,501.1,421.9,41.1,70.2
Altstadt,DE,54773,603.0,496.5,417.8,40.8,70.6
Ede,NL,27452,603.4,455.4,439.4,45.0,69.4
Mitte,DE,41134,604.2,520.2,411.3,38.9,71.0
Brest,FR,27793,604.3,492.4,426.5,42.2,69.1
Vellmar,DE,47894,604.4,518.4,397.1,38.6,71.2
Agedrup,DK,41373,604.8,520.9,386.3,35.7,73.3
Satu Mare,RO,6854,604.9,452.7,450.0,44.8,68.1
Leonding,AT,47664,606.1,496.3,412.3,40.1,70.3
Heerlen,NL,48895,607.0,489.3,403.1,39.7,71.2
Verwaltungsgemeinschaft Konstanz,DE,18821,607.7,493.6,430.2,41.5,70.3
Tarbes,FR,13556,607.7,490.4,430.5,42.5,68.8
"Innenstadt, Frankfurt (Oder)",DE,12447,608.3,476.4,445.5,43.4,68.3
Stora Hultet,SE,18989,608.6,524.3,380.0,35.8,72.5
Jena-Zentrum,DE,20909,611.5,496.5,435.2,41.1,69.0
Chemnitz,DE,42186,611.8,513.6,412.0,39.9,69.5
Brugge,BE,24909,611.9,516.6,405.2,38.3,70.7
El Bierzo,ES,7149,612.6,504.4,442.0,41.0,68.2
Treviso,IT,17940,613.0,509.0,423.1,40.3,68.5
Kecskemét,HU,11273,614.3,509.0,431.2,41.9,67.6
Lahnstein,DE,28276,615.5,528.1,408.9,38.0,69.8
Heepen,DE,51160,616.4,523.1,404.5,37.5,69.6
Küsnacht (ZH),CH,25356,617.2,506.6,428.1,40.0,68.7
Plauen,DE,11187,617.8,518.1,411.6,38.5,69.3
Chartres,FR,16433,617.9,521.4,403.2,37.3,69.8
Stadtbezirk Bremerhaven-Nord,DE,19672,618.0,544.5,383.9,34.5,70.8
Vaihingen,DE,34760,618.4,512.5,430.0,40.6,68.0
,,23248,618.6,541.4,397.1,36.1,70.4
Bourges,FR,14646,618.8,524.4,409.8,37.6,69.5
Vannes,FR,18467,618.9,533.4,400.8,37.0,69.9
Höchberg,DE,38907,620.6,521.7,425.5,39.3,67.9
Martin,SK,8234,621.1,497.7,427.0,40.6,68.7
Uttenreuth (VGem),DE,28618,621.1,508.0,436.6,41.0,68.3
Tatabánya,HU,7560,621.9,507.8,426.8,39.6,68.2
Neuss,DE,42366,622.1,528.9,411.7,37.7,69.7
Bielsko-Biała,PL,29917,622.7,520.4,443.4,41.7,65.8
Miskolc,HU,18158,622.8,531.7,425.8,39.2,67.6
Cork,IE,28592,624.9,550.1,407.7,35.5,69.5
Ergolding,DE,16609,625.4,525.2,411.3,36.6,69.6
Lüneburg,DE,21980,625.9,521.9,414.1,37.7,67.9
Vicenza,IT,17110,626.2,516.9,429.7,39.6,67.7
Lecco,IT,8376,626.8,507.9,451.4,41.8,66.5
Wolfsburg,DE,24264,627.9,537.4,399.3,36.1,69.7
Leuven,BE,25648,632.8,554.7,424.5,36.7,67.4
Seiersberg-Pirka,AT,45000,632.9,546.9,419.7,36.4,67.9
Wittenbach,CH,23926,633.2,527.0,443.8,40.1,66.1
Brescia,IT,44923,634.3,547.6,426.1,37.6,68.1
Biebrich,DE,39408,635.2,531.5,431.7,38.6,67.0
Huskvarna,SE,19540,635.5,565.2,393.1,33.9,68.3
Darmstadt-Nord,DE,32770,635.7,518.2,452.5,41.0,65.7
Pordenone / Pordenon,IT,13129,635.8,557.8,419.7,36.4,67.6
Hildesheim,DE,19819,637.6,558.6,411.9,35.4,68.0
Valenciennes,FR,24098,637.6,556.5,416.1,36.0,67.8
Monheim am Rhein,DE,54628,638.2,527.2,423.8,38.2,67.5
Tübingen,DE,20948,638.2,531.0,446.0,39.4,65.6
Sântuhalm,RO,3500,639.1,496.3,464.6,43.2,64.6
Lotte,DE,36029,639.3,545.0,418.6,35.3,68.3
Mitte-Gartenfeld,DE,20865,639.5,532.7,436.4,39.3,66.4
Liberec,CZ,18146,641.5,534.8,440.5,38.6,67.1
Montreux,CH,12798,641.7,541.5,442.7,38.2,65.8
Wałbrzych,PL,15389,643.6,540.9,430.7,37.5,66.2
Nord,DE,44812,645.0,561.6,411.5,34.7,67.2
Savona,IT,8990,646.5,529.1,461.8,41.1,64.2
Pisa,IT,21738,646.5,564.8,441.9,37.8,64.7
Ostrava,CZ,23739,646.9,527.0,454.3,40.2,64.7
Venlo,NL,22539,650.5,526.3,437.1,38.0,67.4
Sittard,NL,28242,652.2,556.1,414.2,34.9,67.6
Tarnów,PL,19654,653.9,570.3,443.3,37.1,64.3
"Gartenstadt, Wendelhöfen",DE,20568,654.6,577.4,430.1,35.9,65.6
Trento,IT,16725,654.7,571.7,455.6,37.1,65.2
Stadtgebiet Bremen,DE,21600,654.9,584.1,402.3,32.9,65.7
Stephanskirchen,DE,17110,655.4,560.1,445.8,38.2,64.1
Aldrans,AT,22407,655.4,536.5,450.6,38.4,64.7
Lugano,CH,17170,656.5,577.2,433.8,36.0,64.5
Berkel en Rodenrijs,NL,43324,657.4,556.9,424.5,35.8,66.1
Sosnowiec,PL,41065,658.0,570.2,439.8,37.1,64.6
Varese,IT,20982,658.4,580.0,424.0,34.0,65.4
Nyíregyháza,HU,11687,658.9,566.7,444.1,37.3,62.9
Winterthur,CH,37305,659.9,567.7,436.3,36.2,64.6
Hasbergen,DE,18792,660.5,601.4,399.7,31.4,65.9
Hilversum,NL,25134,660.8,563.0,446.9,38.0,64.2
Lüdenscheid,DE,10917,661.3,588.3,430.5,35.4,65.1
Zug,CH,19822,662.6,565.1,453.8,38.1,62.9
Hagen-Mitte,DE,40480,663.0,560.5,430.8,35.0,65.9
Saarbrücken,DE,34491,663.2,588.9,429.3,34.0,64.4
Esslingen am Neckar,DE,42510,663.8,588.5,423.6,34.2,64.5
Szombathely,HU,9489,664.4,572.4,469.8,39.6,62.1
Gießen,DE,29948,666.1,591.8,432.6,35.5,63.1
Böblingen,DE,28779,671.1,569.9,433.0,34.1,64.8
Iserlohn,DE,22382,672.3,600.6,419.9,32.1,65.5
Böckingen,DE,29319,672.4,583.7,442.7,35.2,64.1
Kortrijk,BE,30442,672.8,610.9,405.9,30.6,64.7
Mitte,DE,30253,676.0,584.3,428.9,33.3,64.6
Turku,FI,50152,680.1,622.8,407.8,29.9,64.1
,,41640,680.6,602.5,415.0,30.7,63.6
Schweinfurt,DE,23309,683.8,604.2,420.2,30.9,64.6
Rönninge By,SE,26925,686.3,613.8,416.7,31.6,63.3
Namur,BE,16123,688.7,619.5,440.3,32.2,62.0
Aarau,CH,25196,689.2,603.4,438.5,33.3,62.8
Duisburg-Mitte,DE,45202,691.0,627.7,421.3,30.1,62.9
Soest,NL,18959,694.2,608.4,440.4,33.6,61.4
Vereinbarte Verwaltungsgemeinschaft der Stadt Göppingen,DE,27236,695.8,633.9,429.8,32.0,61.5
Legionowo,PL,21964,701.2,637.4,457.4,34.2,59.6
Harburg,DE,11944,702.0,628.8,426.3,31.3,61.9
Wołomin,PL,17222,702.7,638.3,439.7,32.0,60.3
Aschaffenburg,DE,19571,704.4,637.6,442.4,32.9,59.5
Douai,FR,23603,708.0,647.4,418.3,28.6,61.3
Ludwigsburg,DE,46729,715.6,644.4,445.9,32.4,59.0
Brackel,DE,38603,716.0,646.6,415.0,27.5,60.6
Tampere,FI,68443,720.7,686.1,400.5,25.7,59.6
Como,IT,29878,725.9,683.0,424.3,27.5,58.5
,,24921,738.1,700.5,438.9,28.4,56.4
